Workbook

Sheet Dashboard
A1: MyLife AI — Personal Life Operating System
A2: Live dashboard — all figures below are formulas pulling from the underlying data sheets.
A4: Key Metrics
A6: Total Goals | C6: Goals Completed | E6: Total XP | G6: Current Level
A7: =COUNTA(Goals!A3:A501) -> 0 | C7: =COUNTIF(Goals!H3:H501,"Completed") -> 0 | E7: =User!F2 -> 1250 | G7: =User!E2 -> 4
A9: Total Tasks | C9: Tasks Completed | E9: Current Streak (days) | G9: Achievements Unlocked
A10: =COUNTA(Tasks!A2:A501) -> 7 | C10: =COUNTIF(Tasks!I2:I501,"Completed") -> 2 | E10: =User!G2 -> 12 | G10: =COUNTA(Achievements!A2:A501) -> 5
A12: Chart Data (formula-driven, feeds the charts to the right)
A14: Goals by Category
A15: category | B15: goal_count
A16: Career | B16: =COUNTIF(Goals!$D$3:$D$501,A16) -> 0
A17: Learning | B17: =COUNTIF(Goals!$D$3:$D$501,A17) -> 0
A18: Fitness | B18: =COUNTIF(Goals!$D$3:$D$501,A18) -> 0
A19: Finance | B19: =COUNTIF(Goals!$D$3:$D$501,A19) -> 0
A20: Personal | B20: =COUNTIF(Goals!$D$3:$D$501,A20) -> 0
A21: Productivity | B21: =COUNTIF(Goals!$D$3:$D$501,A21) -> 0
A23: Tasks by Status
A24: status | B24: task_count
A25: Not Started | B25: =COUNTIF(Tasks!$I$2:$I$501,A25) -> 5
A26: In Progress | B26: =COUNTIF(Tasks!$I$2:$I$501,A26) -> 0
A27: Completed | B27: =COUNTIF(Tasks!$I$2:$I$501,A27) -> 2
A28: Skipped | B28: =COUNTIF(Tasks!$I$2:$I$501,A28) -> 0
A30: Productivity Trend (last 5 snapshots)
A31: date | B31: productivity_score | C31: total_xp
A32: =Progress!A2 -> 46204 | B32: =Progress!H2 -> 33 | C32: =Progress!E2 -> 950
A33: =Progress!A3 -> 46205 | B33: =Progress!H3 -> 40 | C33: =Progress!E3 -> 1010
A34: =Progress!A4 -> 46206 | B34: =Progress!H4 -> 40 | C34: =Progress!E4 -> 1010
A35: =Progress!A5 -> 46207 | B35: =Progress!H5 -> 47 | C35: =Progress!E5 -> 1150
A36: =Progress!A6 -> 46208 | B36: =Progress!H6 -> 53 | C36: =Progress!E6 -> 1250

Sheet User
A1: user_id | B1: full_name | C1: email | D1: timezone | E1: current_level | F1: total_xp | G1: current_streak | H1: preferred_work_hours | I1: created_at | J1: updated_at
A2: USER0001 | B2: Omkar Gujar | C2: omkar.gujar@email.com | D2: Asia/Kolkata | E2: 4 | F2: 1250 | G2: 12 | H2: 9:00 PM - 12:00 AM | I2: 2026-04-06T09:00:00+05:30 | J2: 2026-07-05T09:00:00+05:30

Sheet Goals
A1: goal_id | B1: user_id | C1: goal_name | D1: category | E1: description | F1: target_date | G1: priority | H1: status | I1: progress_percentage | J1: estimated_duration | K1: created_at | L1: updated_at
A2: goal-001 | B2: user-123 | C2: Learn Data Science | D2: Learning | E2: Acquire the knowledge and skills needed for a career in data science. | F2: 45657 | G2: Medium | H2: Not Started | I2: 0 | J2: 12 months | K2: 2024-04-27T00:00:00Z | L2: 2024-04-27T00:00:00Z

Sheet Milestones
A1: milestone_id | B1: goal_id | C1: milestone_name | D1: description | E1: sequence | F1: start_date | G1: end_date | H1: status | I1: priority | J1: progress | K1: created_at | L1: updated_at
A2: m-001 | B2: goal-001 | C2: Complete Python Programming | D2: Learn Python programming fundamentals essential for data science. | E2: 1 | F2: 45413 | G2: 45473 | H2: Not Started | I2: Medium | J2: 0 | K2: 2024-04-27T00:00:00Z | L2: 2024-04-27T00:00:00Z
A3: m-002 | B3: goal-001 | C3: Study Statistics and Mathematics | D3: Understand key statistics and mathematics concepts for data analysis. | E3: 2 | F3: 45474 | G3: 45535 | H3: Completed | I3: Medium | J3: 0 | K3: 2024-04-27T00:00:00Z | L3: 2024-04-27T00:00:00Z
A4: m-003 | B4: goal-001 | C4: Learn Data Visualization | D4: Master data visualization tools and techniques to present data insights effectively. | E4: 3 | F4: 45536 | G4: 45565 | H4: Not Started | I4: Medium | J4: 0 | K4: 2024-04-27T00:00:00Z | L4: 2024-04-27T00:00:00Z
A5: m-004 | B5: goal-001 | C5: Practice with Real Projects | D5: Apply data science skills on real-world data projects for hands-on experience. | E5: 4 | F5: 45566 | G5: 45626 | H5: In Progress | I5: Medium | J5: 0 | K5: 2024-04-27T00:00:00Z | L5: 2024-04-27T00:00:00Z
A6: m-005 | B6: goal-001 | C6: Prepare Portfolio and Resume | D6: Create a professional portfolio and resume showcasing data science projects and skills. | E6: 5 | F6: 45627 | G6: 45641 | H6: Not Started | I6: Medium | J6: 0 | K6: 2024-04-27T00:00:00Z | L6: 2024-04-27T00:00:00Z
A7: m-006 | B7: goal-001 | C7: Apply for Data Science Jobs | D7: Submit applications to data science roles and prepare for interviews. | E7: 6 | F7: 45642 | G7: 45657 | H7: Completed | I7: Medium | J7: 0 | K7: 2024-04-27T00:00:00Z | L7: 2024-04-27T00:00:00Z

Sheet Tasks
A1: task_id | B1: goal_id | C1: milestone_id | D1: task_name | E1: description | F1: priority | G1: estimated_minutes | H1: due_date | I1: status | J1: progress | K1: xp_reward | L1: created_at | M1: updated_at
A2: task-001 | B2: goal-001 | C2: m-001 | D2: Set up Python environment | E2: Install Python and necessary IDE for programming. | F2: Medium | G2: 60 | H2: 45417 | I2: Not Started | J2: 0 | K2: 20 | L2: 2024-04-27T00:00:00Z | M2: 2024-04-27T00:00:00Z
A3: task-002 | B3: goal-001 | C3: m-001 | D3: Learn Python basics | E3: Understand data types, variables, and basic syntax. | F3: Medium | G3: 120 | H3: 45427 | I3: Completed | J3: 0 | K3: 30 | L3: 2024-04-27T00:00:00Z | M3: 2024-04-27T00:00:00Z
A4: task-003 | B4: goal-001 | C4: m-001 | D4: Control structures | E4: Practice loops and conditional statements. | F4: Medium | G4: 90 | H4: 45434 | I4: Not Started | J4: 0 | K4: 25 | L4: 2024-04-27T00:00:00Z | M4: 2024-04-27T00:00:00Z
A5: task-004 | B5: goal-001 | C5: m-001 | D5: Functions and modules | E5: Learn to define functions and import modules. | F5: Medium | G5: 120 | H5: 45444 | I5: Not Started | J5: 0 | K5: 30 | L5: 2024-04-27T00:00:00Z | M5: 2024-04-27T00:00:00Z
A6: task-005 | B6: goal-001 | C6: m-001 | D6: Data structures | E6: Study lists, tuples, dictionaries, and sets. | F6: Medium | G6: 120 | H6: 45453 | I6: Completed | J6: 0 | K6: 30 | L6: 2024-04-27T00:00:00Z | M6: 2024-04-27T00:00:00Z
A7: task-006 | B7: goal-001 | C7: m-001 | D7: File handling basics | E7: Learn to read from and write to files. | F7: Medium | G7: 90 | H7: 45463 | I7: Not Started | J7: 0 | K7: 25 | L7: 2024-04-27T00:00:00Z | M7: 2024-04-27T00:00:00Z
A8: task-007 | B8: goal-001 | C8: m-001 | D8: Basic data science libraries | E8: Get introduced to NumPy and Pandas for data science. | F8: Medium | G8: 150 | H8: 45471 | I8: Not Started | J8: 0 | K8: 35 | L8: 2024-04-27T00:00:00Z | M8: 2024-04-27T00:00:00Z

Sheet Journal
A1: journal_id | B1: user_id | C1: date | D1: mood | E1: energy | F1: journal_text | G1: ai_summary | H1: tomorrow_focus | I1: created_at
A2: JOUR0001 | B2: USER0001 | C2: 46204 | D2: 7 | E2: 6 | F2: Solid day of DSA practice, felt a bit tired after the run in the evening. | G2: Good learning progress with some fatigue from training. | H2: Focus on tree problems and an easy recovery run. | I2: 2026-07-01T09:00:00+05:30
A3: JOUR0002 | B3: USER0001 | C3: 46205 | D3: 8 | E3: 7 | F3: Great momentum today, finished the array problem set ahead of schedule. | G3: Strong productivity day; ahead of plan on DSA. | H3: Start tree traversal problems and log expenses. | I3: 2026-07-02T09:00:00+05:30
A4: JOUR0003 | B4: USER0001 | C4: 46206 | D4: 5 | E4: 4 | F4: Low energy day, work ran long and I skipped the planned reading session. | G4: Lower energy day; reading task deprioritized. | H4: Light session on hooks practice, get to bed earlier. | I4: 2026-07-03T09:00:00+05:30
A5: JOUR0004 | B5: USER0001 | C5: 46207 | D5: 8 | E5: 8 | F5: Completed the 5K run and made progress on the React todo app. | G5: High energy day with wins on both fitness and learning goals. | H5: Continue Context API work and plan the long run. | I5: 2026-07-04T09:00:00+05:30
A6: JOUR0005 | B6: USER0001 | C6: 46208 | D6: 7 | E6: 7 | F6: Balanced day between interview prep and expense tracking. | G6: Steady, well-rounded progress across career and finance goals. | H6: Push on tree problems and review subscriptions. | I6: 2026-07-05T09:00:00+05:30
A7: JOURNAL0001 | B7: USER0001 | C7: 2026-07-06T00:00:00.000+05:30 | D7: Neutral to slightly tired | E7: Low after lunch, but able to study effectively | F7: Today I studied Java for 3 hours. I completed my GFG POTD. I felt tired after lunch. Tomorrow I want to learn Spring Boot. | G7: The user dedicated 3 hours to studying Java and completed their GFG Problem of the Day. They experienced tiredness after lunch but remained productive overall. | H7: Learn Spring Boot | I7: 2026-07-06T13:48:03.382+05:30
A8: JOURNAL0001 | B8: USER0001 | C8: 2026-07-06T00:00:00.000+05:30 | D8: Neutral | E8: Moderate | F8: Good day. | G8: The user noted a positive but brief expression of their day as 'Good day.' indicating a neutral to mildly positive mood with moderate energy. | H8: Reflect more in detail on daily experiences to gain deeper insights and track mood and energy changes effectively. | I8: 2026-07-06T15:38:25.454+05:30

Sheet Progress
A1: date | B1: user_id | C1: completed_tasks | D1: pending_tasks | E1: total_xp | F1: level | G1: streak | H1: productivity_score | I1: goals_completed
A2: 46204 | B2: USER0001 | C2: 5 | D2: 10 | E2: 950 | F2: 3 | G2: 8 | H2: =IFERROR(ROUND(C2/(C2+D2)*100,0),0) -> 33 | I2: 3
A3: 46205 | B3: USER0001 | C3: 6 | D3: 9 | E3: 1010 | F3: 3 | G3: 9 | H3: =IFERROR(ROUND(C3/(C3+D3)*100,0),0) -> 40 | I3: 3
A4: 46206 | B4: USER0001 | C4: 6 | D4: 9 | E4: 1010 | F4: 3 | G4: 10 | H4: =IFERROR(ROUND(C4/(C4+D4)*100,0),0) -> 40 | I4: 3
A5: 46207 | B5: USER0001 | C5: 7 | D5: 8 | E5: 1150 | F5: 4 | G5: 11 | H5: =IFERROR(ROUND(C5/(C5+D5)*100,0),0) -> 47 | I5: 3
A6: 46208 | B6: USER0001 | C6: 8 | D6: 7 | E6: 1250 | F6: 4 | G6: 12 | H6: =IFERROR(ROUND(C6/(C6+D6)*100,0),0) -> 53 | I6: 3

Sheet Achievements
A1: achievement_id | B1: user_id | C1: badge_name | D1: description | E1: unlocked_date | F1: xp_bonus
A2: ACH0001 | B2: USER0001 | C2: First Goal Created | D2: Created your very first goal in MyLife AI. | E2: 46152 | F2: 100
A3: ACH0002 | B3: USER0001 | C3: 7-Day Streak | D3: Completed at least one task every day for 7 days straight. | E3: 46162 | F3: 150
A4: ACH0003 | B4: USER0001 | C4: Milestone Master | D4: Completed your first full milestone. | E4: 46193 | F4: 200
A5: ACH0004 | B5: USER0001 | C5: Early Bird | D5: Logged a task completion before 7 AM. | E5: 46201 | F5: 50
A6: ACH0005 | B6: USER0001 | C6: 5K Finisher | D6: Completed your first 5K training run. | E6: 46207 | F6: 120

Sheet Notifications
A1: notification_id | B1: task_id | C1: user_id | D1: title | E1: message | F1: notification_type | G1: sent_time | H1: status
A2: NOTI0001 | B2: TASK0002 | C2: USER0001 | D2: Reminder: useState & useEffect Hooks due soon | E2: This task is due in 2 days. Keep the React momentum going. | F2: Reminder | G2: 2026-07-04T09:00:00+05:30 | H2: Sent
A3: NOTI0002 | B3: TASK0006 | C3: USER0001 | D3: Coach Tip: Tree Problems | E3: Try drawing the tree before coding the traversal to build intuition faster. | F3: Coach | G3: 2026-07-05T09:00:00+05:30 | H3: Sent
A4: NOTI0003 | B4: TASK0009 | C4: USER0001 | D4: Motivation: Long Run Coming Up | E4: Your 8K long run is scheduled soon. Hydrate well the night before. | F4: Motivation | G4: 2026-07-05T09:00:00+05:30 | H4: Pending
A5: NOTI0004 | B5: TASK0001 | C5: USER0001 | D5: Achievement Unlocked: React Components | E5: Nice work finishing the React components task on time. | F5: Achievement | G5: 2026-06-26T09:00:00+05:30 | H5: Sent
A6: NOTI0005 | B6: TASK0013 | C6: USER0001 | D6: Reminder: Book Summary Overdue | E6: This task passed its due date. Reschedule or mark it as skipped. | F6: Reminder | G6: 2026-07-03T09:00:00+05:30 | H6: Failed

Sheet AI Memory
A1: memory_id | B1: user_id | C1: category | D1: memory | E1: importance | F1: source | G1: created_at
A2: MEM0001 | B2: USER0001 | C2: Career | D2: Wants to become an AI Engineer within the next two years. | E2: High | F2: Onboarding chat | G2: 2026-04-06T09:00:00+05:30
A3: MEM0002 | B3: USER0001 | C3: Learning | D3: Prefers video tutorials over reading long documentation. | E3: Medium | F3: Planner Agent | G3: 2026-04-16T09:00:00+05:30
A4: MEM0003 | B4: USER0001 | C4: Habit | D4: Studies most effectively at night, typically 9 PM to midnight. | E4: High | F4: Journal Agent | G4: 2026-04-26T09:00:00+05:30
A5: MEM0004 | B5: USER0001 | C5: Preference | D5: Likes concise, direct explanations without excessive detail. | E5: Medium | F5: Coach Agent | G5: 2026-05-06T09:00:00+05:30
A6: MEM0005 | B6: USER0001 | C6: Health | D6: Recovering from a minor knee strain, avoid high-impact runs on back-to-back days. | E6: High | F6: Journal Agent | G6: 2026-06-15T09:00:00+05:30
A7: MEM0006 | B7: USER0001 | C7: Finance | D7: Prioritizes building an emergency fund over discretionary spending. | E7: Medium | F7: Onboarding chat | G7: 2026-04-06T09:00:00+05:30
A8: MEM0007 | B8: USER0001 | C8: Relationships | D8: Weekly call with family every Sunday evening, avoid scheduling tasks then. | E8: Low | F8: Journal Agent | G8: 2026-05-26T09:00:00+05:30
A9: MEM0008 | B9: USER0001 | C9: Projects | D9: Building MyLife AI as a personal side project using n8n and Google Sheets. | E9: Medium | F9: Onboarding chat | G9: 2026-04-06T09:00:00+05:30

Sheet Agent Logs
A1: timestamp | B1: agent | C1: action | D1: input | E1: output | F1: status | G1: execution_time_ms
A2: 2026-07-05T06:05:00+05:30 | B2: Planner Agent | C2: Generate Milestones | D2: goal_id=GOAL0002 | E2: Created 3 milestones for GOAL0002 | F2: Success | G2: 1420
A3: 2026-07-05T06:06:00+05:30 | B3: Task Agent | C3: Generate Daily Tasks | D3: milestone_id=MILE0002 | E3: Created 3 tasks for MILE0002 | F3: Success | G3: 980
A4: 2026-07-05T07:00:00+05:30 | B4: Journal Agent | C4: Summarize Journal Entry | D4: journal_id=JOUR0005 | E4: Generated ai_summary and tomorrow_focus | F4: Success | G4: 640
A5: 2026-07-05T22:00:00+05:30 | B5: Progress Agent | C5: Compute Daily Rollup | D5: user_id=USER0001, date=2026-07-05 | E5: Appended Progress row with updated XP and streak | F5: Success | G5: 310
A6: 2026-07-05T08:30:00+05:30 | B6: Coach Agent | C6: Send Task Reminder | D6: task_id=TASK0009 | E6: Notification NOTI0003 queued | F6: Success | G6: 210
A7: 2026-07-04T21:45:00+05:30 | B7: Memory Agent | C7: Extract Long-Term Memory | D7: journal_id=JOUR0004 | E7: Stored MEM0005 with importance=High | F7: Success | G7: 540

Sheet Schema Reference
A1: sheet_name | B1: primary_key | C1: foreign_keys | D1: description | E1: postgres_table_name
A2: User | B2: user_id | C2: - | D2: One profile row per user; source of truth for XP, level, and streak. | E2: users
A3: Goals | B3: goal_id | C3: user_id -> User.user_id | D3: Long-term goals owned by a user. progress_percentage rolls up from Milestones. | E3: goals
A4: Milestones | B4: milestone_id | C4: goal_id -> Goals.goal_id | D4: Sequential phases of a goal. progress rolls up from Tasks. | E4: milestones
A5: Tasks | B5: task_id | C5: goal_id -> Goals.goal_id; milestone_id -> Milestones.milestone_id | D5: Daily actionable items. progress is a direct input written by the Task Agent. | E5: tasks
A6: Journal | B6: journal_id | C6: user_id -> User.user_id | D6: Daily reflections with AI-generated summary and next-day focus. | E6: journal_entries
A7: Progress | B7: date + user_id (composite) | C7: user_id -> User.user_id | D7: Nightly snapshot log of XP, streak, and task counts. Historical rows are immutable. | E7: progress_snapshots
A8: Achievements | B8: achievement_id | C8: user_id -> User.user_id | D8: Badges and XP bonuses unlocked by the user. | E8: achievements
A9: Notifications | B9: notification_id | C9: task_id -> Tasks.task_id; user_id -> User.user_id | D9: Reminders and coaching messages sent to the user. | E9: notifications
A10: AI Memory | B10: memory_id | C10: user_id -> User.user_id | D10: Long-term facts and preferences the Memory Agent uses to personalize responses. | E10: ai_memory
A11: Agent Logs | B11: timestamp (+ agent, action as composite) | C11: - | D11: Execution log for every agent run; used for debugging and auditability. | E11: agent_logs
